{"tZURE3V32Vpljf8QMp3uvw==":"gallery04-1200x800.jpg","ljTmfiDK+nDmGEt/XOGZbQ==":"gallery04-1-1200x800.jpg","K6uA8jeaexAYBmVCe6jlZQ==":"gallery04-2-1200x800.jpg","zB5FxZjNmH0sl1djk9oMVQ==":"gallery07-1200x800.jpg","o3QSqRy+DO6ofB+wqO6BfQ==":"gallery06-1200x800.jpg","ykt8diTXUZMyzz2nxmK2Xg==":"gallery04-3-1200x800.jpg","+JmH31rGTR/xoNgWFNlAzQ==":"gallery07-1-1200x800.jpg","RRpc00zL3gCmJ5LI5L7lkg==":"jakob-owens-102203-2000x1333.jpg","D07VKXtXX3B4HCjhrhxEPA==":"joshua-niedermayer-266955-2000x1334.jpg","ZBnwdPZO2m3QtuUAowbgmA==":"andrew-tanglao-505288-2000x1311.jpg","EtufoHcofvC98kgaaB1YwA==":"10-1200x800.jpg","ahiazdjMpLxyqxrKiT2PgA==":"joshua-niedermayer-266955-1920x1281.jpg","5NDW1FvCfh+ybnLlccpNdw==":"andrew-tanglao-505288-1920x1259.jpg","2MmoBtOI9/tmfN7Xwa8Omg==":"jakob-owens-102203-1920x1280.jpg","DtxgzHIm7NHZM8GwJiWTog==":"1-1920x1280.jpg","0Xdql4Qpu51IKPg6fH/pFw==":"logo-204x40.png","GfoA6XWwYh11GhO1V+WaZA==":"logo-408x120.png","w8Rrr9Es+dA8CxJF3/TQLQ==":"logo-802x158.png","fOfAcYzpqpJedTMePyiIzw==":"logo-702x320.png","+CCUHkbpasYJVHaxGQ38PA==":"banner1-2000x1063.jpg","YiuiBRSpzzwCUxB4kMocnQ==":"topo-2000x1063.jpg","fSzbLzqXIDss3gYKbANHxw==":"1-letter-1016x581.png","ESLIjWvKd9TdV+/Sno+k6Q==":"2-letter-1202x768.png","KAyqaCKO7gwKt9wEImVZiw==":"2-bg-1920x1092.jpg","F/9HjW69/bzEa6xwr16PNA==":"3-bg-2000x987.jpg","/DWNtyMMqODZAJrUmRlTNg==":"3-1-250x219.png","Y01AQ5P89Y83D6m/4/7ymA==":"3-2-250x219.png","qI6i5VtdqZS1G5iYGS8DbA==":"3-3-250x219.png","RcKzFipmqCXH0aPq7fOS7A==":"1580577508732-1476829206-2000x1500.jpg","UZcbGl0bNJwKgeCYftiguA==":"1580656439037-917570324-2000x1500.jpg","U4S/BrkBWPjiuLk5ZBqRGg==":"15806566889651717362261-2000x1500.jpg","g0bkTcO+EUZihRGs9OWTCQ==":"f8e6b789-debb-49ca-bfe3-4b2b6f84a5f0-1280x960.jpg","Er82hi3hurgGRqKx8gJ2Eg==":"1654105566345-1166269083-2000x1500.jpg","5DCbLOwGFK5v0W7TRqCDiA==":"15806829705542056068373-2000x1500.jpg","VTfFXWggZQ8D6uY8NVQvSA==":"15805777934541502297546-2000x1500.jpg","2A3nCqDUcjxXyLYc4AdRbw==":"1580739324223649997921-2000x1500.jpg","xrfbfa7HMC1JeBS5QYwdyw==":"4-bg-1906x970.jpg","oavqksUGq3BarHlv4cetdQ==":"5-bg-1920x1422.jpg","jX+yKgUq4EJSukYqq9Swfg==":"6-bg-1920x1208.jpg","1FhTWaSnGPxs8OchjbKpCg==":"ft1-120x119.png","/hHzE+7+tA2aWIyd2wI5Vg==":"ft2-120x119.png","Nv6q0vQ105oStqfoxfswVA==":"ft3-120x119.png","0+j5VxPXv13P2pmJ4aTe2Q==":"background4.jpg","M0eT4fIVS77TCWyNKDQ8xQ==":"3-titulo-345x80.jpg","P/BBOApvZu/bDgLaDqrJjg==":"3-titulo-345x80.png","k4j8O1EEDm//voR4wpMDfw==":"5-1-216x180.png","D2tNiofdpCALZQLtwqKcHg==":"4-titulo-345x86.png","0XeBE8k1A9PM7z3UmZ07xQ==":"5-titulo-345x76.png","v5JPaEOJr/ZlWcLEie3B+g==":"6-titulo-777x190.png","7D/OSwkuUka8N8MHUpoRGA==":"5-titulo-777x172.png","fkajP4u30S68mc5F+Xhmww==":"4-titulo-722x181.png","gneSpJQxV123svZD4KC+Fg==":"3-titulo-773x179.png","IcryPFhqryvLjjxfMJwDyg==":"7-titulo-777x323.png","jqYMjE15/Sz2GRHpxJkJ8w==":"8-titulo-534x297.png"}